State,Year,Total_Accidents,Persons_Killed,Persons_Injured,Fatality_Rate_pct,Severity_Index,Registered_Vehicles,Accidents_per_10k_vehicles,TwoWheeler_Involved,Car_Involved,Truck_Involved,Bus_Involved,Pedestrian_Involved,Cause_Overspeeding,Cause_Alcohol,Cause_Negligence,Cause_Weather,Cause_Mechanical,Cause_Other,Yearly_Growth_pct,State_Risk_Score,High_Risk_Corridor_Flag
Andhra Pradesh,2010,16143,465,3876,2.88,0.327,6012764,26.8479,7264,4035,2421,807,1616,4842,1614,4035,807,484,4361,0.0,0.191,Low
Andhra Pradesh,2011,15931,409,4074,2.57,0.333,5513851,28.8927,7168,3982,2389,796,1596,4779,1593,3982,796,477,4304,-1.3132627144892495,0.198,Low
Andhra Pradesh,2012,15941,584,4968,3.66,0.422,5862968,27.1893,7173,3985,2391,797,1595,4782,1594,3985,797,478,4305,0.06277069863787066,0.331,Low
Andhra Pradesh,2013,18028,908,3209,5.04,0.329,6209138,29.0346,8112,4507,2704,901,1804,5408,1802,4507,901,540,4870,13.0920268490057,0.223,Low
Andhra Pradesh,2014,16859,562,3813,3.33,0.326,6688880,25.2045,7586,4214,2528,842,1689,5057,1685,4214,842,505,4556,-6.484357665853113,0.176,Low
Andhra Pradesh,2015,17417,671,5588,3.85,0.436,6692101,26.0262,7837,4354,2612,870,1744,5225,1741,4354,870,522,4705,3.309804852007825,0.358,Low
Andhra Pradesh,2016,17533,608,5343,3.47,0.409,6843501,25.6199,7889,4383,2629,876,1756,5259,1753,4383,876,525,4737,0.6660159614169991,0.313,Low
Andhra Pradesh,2017,18026,624,4732,3.46,0.366,6556580,27.493,8111,4506,2703,901,1805,5407,1802,4506,901,540,4870,2.8118405292876236,0.255,Low
Andhra Pradesh,2018,19351,983,5449,5.08,0.434,7152629,27.0544,8707,4837,2902,967,1938,5805,1935,4837,967,580,5227,7.350493731277052,0.364,Low
Andhra Pradesh,2019,17801,550,4942,3.09,0.37,7769705,22.9108,8010,4450,2670,890,1781,5340,1780,4450,890,534,4807,-8.00992196785696,0.236,Low
Andhra Pradesh,2020,19505,410,3727,2.1,0.254,7031003,27.7414,8777,4876,2925,975,1952,5851,1950,4876,975,585,5268,9.57249592719509,0.105,Low
Andhra Pradesh,2021,19728,754,6654,3.82,0.452,6917443,28.5192,8877,4932,2959,986,1974,5918,1972,4932,986,591,5329,1.1432965906177817,0.377,Low
Andhra Pradesh,2022,20432,720,6613,3.52,0.429,8073196,25.3084,9194,5108,3064,1021,2045,6129,2043,5108,1021,612,5519,3.5685320356853234,0.348,Low
Andhra Pradesh,2023,22368,1022,6818,4.57,0.442,8182239,27.3373,10065,5592,3355,1118,2238,6710,2236,5592,1118,671,6041,9.475332811276438,0.38,Low
Arunachal Pradesh,2010,31483,671,10446,2.13,0.396,4916549,64.0348,14167,7870,4722,1574,3150,9444,3148,7870,1574,944,8503,0.0,0.301,Low
Arunachal Pradesh,2011,36992,1776,11488,4.8,0.455,5497811,67.285,16646,9248,5548,1849,3701,11097,3699,9248,1849,1109,9990,17.498332433376753,0.426,Medium
Arunachal Pradesh,2012,35045,1187,13087,3.39,0.475,5216281,67.1839,15770,8761,5256,1752,3506,10513,3504,8761,1752,1051,9464,-5.263300173010377,0.406,Medium
Arunachal Pradesh,2013,39543,2066,12768,5.22,0.48,5233970,75.5507,17794,9885,5931,1977,3956,11862,3954,9885,1977,1186,10679,12.834926523041812,0.454,Medium
Arunachal Pradesh,2014,39096,1336,12643,3.42,0.426,6120986,63.8721,17593,9774,5864,1954,3911,11728,3909,9774,1954,1172,10559,-1.1304149912753192,0.343,Low
Arunachal Pradesh,2015,37682,1000,11020,2.65,0.372,5797996,64.9914,16956,9420,5652,1884,3770,11304,3768,9420,1884,1130,10176,-3.616738285246568,0.259,Low
Arunachal Pradesh,2016,40345,1366,17415,3.39,0.533,5958620,67.7086,18155,10086,6051,2017,4036,12103,4034,10086,2017,1210,10895,7.067034658457616,0.518,Medium
Arunachal Pradesh,2017,39279,1541,13497,3.92,0.461,7208738,54.488,17675,9819,5891,1963,3931,11783,3927,9819,1963,1178,10609,-2.6422109307225217,0.388,Low
Arunachal Pradesh,2018,44895,1941,14126,4.32,0.444,6955817,64.5431,20202,11223,6734,2244,4492,13468,4489,11223,2244,1346,12125,14.297716336973965,0.402,Medium
Arunachal Pradesh,2019,41224,1312,9311,3.18,0.321,6767441,60.9152,18550,10306,6183,2061,4124,12367,4122,10306,2061,1236,11132,-8.176857111036862,0.173,Low
Arunachal Pradesh,2020,45174,1486,11803,3.29,0.36,6907651,65.3971,20328,11293,6776,2258,4519,13552,4517,11293,2258,1355,12199,9.581797011449634,0.269,Low
Arunachal Pradesh,2021,45498,1476,15582,3.24,0.44,6749046,67.414,20474,11374,6824,2274,4552,13649,4549,11374,2274,1364,12288,0.7172267233364282,0.368,Low
Arunachal Pradesh,2022,43106,1290,10108,2.99,0.324,8501798,50.7022,19397,10776,6465,2155,4313,12931,4310,10776,2155,1293,11641,-5.257373950503319,0.182,Low
Arunachal Pradesh,2023,43455,1918,11589,4.41,0.399,7404211,58.6896,19554,10863,6518,2172,4348,13036,4345,10863,2172,1303,11736,0.809632069781463,0.306,Low
Assam,2010,48918,2330,14637,4.76,0.442,11297443,43.3001,22013,12229,7337,2445,4894,14675,4891,12229,2445,1467,13211,0.0,0.364,Low
Assam,2011,59358,1451,15556,2.44,0.335,11995018,49.4855,26711,14839,8903,2967,5938,17807,5935,14839,2967,1780,16030,21.34183736048081,0.254,Low
Assam,2012,57836,2223,17119,3.84,0.411,11994178,48.2201,26026,14459,8675,2891,5785,17350,5783,14459,2891,1735,15618,-2.564102564102566,0.314,Low
Assam,2013,63823,2914,11172,4.57,0.312,13483838,47.333,28720,15955,9573,3191,6384,19146,6382,15955,3191,1914,17235,10.35168407220417,0.197,Low
Assam,2014,67372,3187,19489,4.73,0.431,12521589,53.8047,30317,16843,10105,3368,6739,20211,6737,16843,3368,2021,18192,5.560691286840158,0.362,Low
Assam,2015,64121,1847,20378,2.88,0.404,13367726,47.967,28854,16030,9618,3206,6413,19236,6412,16030,3206,1923,17314,-4.825446773140174,0.299,Low
Assam,2016,66929,2081,18596,3.11,0.371,14057160,47.612,30118,16732,10039,3346,6694,20078,6692,16732,3346,2007,18074,4.379220536173789,0.27,Low
Assam,2017,70448,2522,19667,3.58,0.387,14819404,47.5377,31701,17612,10567,3522,7046,21134,7044,17612,3522,2113,19023,5.257810515621042,0.295,Low
Assam,2018,67875,1729,18542,2.55,0.35,15425813,44.0009,30543,16968,10181,3393,6790,20362,6787,16968,3393,2036,18329,-3.652339314104025,0.221,Low
Assam,2019,68222,702,22110,1.03,0.355,15734516,43.3582,30699,17055,10233,3411,6824,20466,6822,17055,3411,2046,18422,0.5112338858195287,0.237,Low
Assam,2020,65491,2735,25778,4.18,0.519,15758040,41.5604,29470,16372,9823,3274,6552,19647,6549,16372,3274,1964,17685,-4.003107501978831,0.467,Medium
Assam,2021,67422,2007,20270,2.98,0.39,16165372,41.7077,30339,16855,10113,3371,6744,20226,6742,16855,3371,2022,18206,2.948496740010076,0.293,Low
Assam,2022,70855,2835,20735,4.0,0.413,16426604,43.1343,31884,17713,10628,3542,7088,21256,7085,17713,3542,2125,19134,5.091809795022395,0.332,Low
Assam,2023,74962,1825,22896,2.43,0.378,16781746,44.6688,33732,18740,11244,3748,7498,22488,7496,18740,3748,2248,20242,5.796344647519591,0.283,Low
Bihar,2010,55708,2564,11559,4.6,0.346,5417080,102.8377,25068,13927,8356,2785,5572,16712,5570,13927,2785,1671,15043,0.0,0.237,Low
Bihar,2011,51928,1249,8102,2.41,0.228,5092217,101.9752,23367,12982,7789,2596,5194,15578,5192,12982,2596,1557,14023,-6.785380914769867,0.05,Low
Bihar,2012,56141,1749,15543,3.12,0.37,5186995,108.2342,25263,14035,8421,2807,5615,16842,5614,14035,2807,1684,15159,8.113156678477896,0.291,Low
Bihar,2013,60024,2676,19262,4.46,0.455,5144009,116.6872,27010,15006,9003,3001,6004,18007,6002,15006,3001,1800,16208,6.916513777809441,0.415,Medium
Bihar,2014,65536,2390,21428,3.65,0.436,5427479,120.7485,29491,16384,9830,3276,6555,19660,6553,16384,3276,1966,17697,9.182993469278955,0.393,Low
Bihar,2015,59784,2339,17514,3.91,0.41,6318264,94.6209,26902,14946,8967,2989,5980,17935,5978,14946,2989,1793,16143,-8.77685546875,0.31,Low
Bihar,2016,65008,1401,22265,2.16,0.407,6364558,102.1406,29253,16252,9751,3250,6502,19502,6500,16252,3250,1950,17554,8.73812391275257,0.345,Low
Bihar,2017,62246,1200,23279,1.93,0.432,6556277,94.9411,28010,15561,9336,3112,6227,18673,6224,15561,3112,1867,16809,-4.248707851341371,0.352,Low
Bihar,2018,58039,1890,18361,3.26,0.414,6783559,85.5583,26117,14509,8705,2901,5807,17411,5803,14509,2901,1741,15674,-6.758667223596692,0.318,Low
Bihar,2019,64312,2470,26107,3.84,0.521,7329301,87.7464,28940,16078,9646,3215,6433,19293,6431,16078,3215,1929,17366,10.808249625251975,0.513,Medium
Bihar,2020,63025,1829,18557,2.9,0.381,6379133,98.7987,28361,15756,9453,3151,6304,18907,6302,15756,3151,1890,17019,-2.001181739022262,0.283,Low
Bihar,2021,63050,1184,15296,1.88,0.299,7676428,82.1346,28372,15762,9457,3152,6307,18915,6305,15762,3152,1891,17025,0.03966679888933733,0.164,Low
Bihar,2022,65754,1626,22628,2.47,0.418,7199508,91.3312,29589,16438,9863,3287,6577,19726,6575,16438,3287,1972,17756,4.288659793814431,0.349,Low
Bihar,2023,70863,1964,14874,2.77,0.293,7728823,91.6867,31888,17715,10629,3543,7088,21258,7086,17715,3543,2125,19136,7.769869513641758,0.174,Low
Chandigarh,2010,7343,272,1628,3.7,0.333,2374695,30.9219,3304,1835,1101,367,736,2202,734,1835,367,220,1985,0.0,0.201,Low
Chandigarh,2011,9214,339,2720,3.68,0.406,2274348,40.5127,4146,2303,1382,460,923,2764,921,2303,460,276,2490,25.480049026283535,0.365,Low
Chandigarh,2012,8603,349,3012,4.06,0.472,2318030,37.1134,3871,2150,1290,430,862,2580,860,2150,430,258,2325,-6.631213370957234,0.392,Low
Chandigarh,2013,8585,253,2121,2.95,0.335,2469676,34.7616,3863,2146,1287,429,860,2575,858,2146,429,257,2320,-0.20922933860281212,0.205,Low
Chandigarh,2014,8198,383,2106,4.67,0.397,2602803,31.4968,3689,2049,1229,409,822,2459,819,2049,409,245,2217,-4.507862550960984,0.285,Low
Chandigarh,2015,8520,321,2332,3.77,0.387,2472100,34.4646,3834,2130,1278,426,852,2556,852,2130,426,255,2301,3.927787265186633,0.289,Low
Chandigarh,2016,9187,299,2887,3.25,0.412,2661194,34.5221,4134,2296,1378,459,920,2756,918,2296,459,275,2483,7.828638497652585,0.334,Low
Chandigarh,2017,8554,392,2881,4.58,0.474,2721686,31.429,3849,2138,1283,427,857,2566,855,2138,427,256,2312,-6.89017089365408,0.393,Low
Chandigarh,2018,9361,425,2594,4.54,0.413,2839165,32.971,4212,2340,1404,468,937,2808,936,2340,468,280,2529,9.434182838438154,0.339,Low
Chandigarh,2019,9618,292,3297,3.04,0.434,2939229,32.7229,4328,2404,1442,480,964,2885,961,2404,480,288,2600,2.745433180215784,0.355,Low
Chandigarh,2020,9337,383,2267,4.1,0.366,3352698,27.8492,4201,2334,1400,466,936,2801,933,2334,466,280,2523,-2.92160532335205,0.243,Low
Chandigarh,2021,10577,424,3400,4.01,0.442,3187236,33.1855,4759,2644,1586,528,1060,3173,1057,2644,528,317,2858,13.280496947627718,0.39,Low
Chandigarh,2022,9828,373,2494,3.8,0.368,3289856,29.8736,4422,2457,1474,491,984,2948,982,2457,491,294,2656,-7.081403044341494,0.237,Low
Chandigarh,2023,10616,331,2868,3.12,0.364,3091114,34.3436,4777,2654,1592,530,1063,3184,1061,2654,530,318,2869,8.017908017908027,0.265,Low
Chhattisgarh,2010,47183,973,11363,2.06,0.303,5652510,83.4727,21232,11795,7077,2359,4720,14154,4718,11795,2359,1415,12742,0.0,0.17,Low
Chhattisgarh,2011,46092,1296,13985,2.81,0.388,5600749,82.2961,20741,11523,6913,2304,4611,13827,4609,11523,2304,1382,12447,-2.312273488332661,0.289,Low
Chhattisgarh,2012,52437,1480,13336,2.82,0.339,5784919,90.6443,23596,13109,7865,2621,5246,15731,5243,13109,2621,1573,14160,13.765946368133308,0.254,Low
Chhattisgarh,2013,47520,1946,9524,4.1,0.323,6251798,76.0101,21384,11880,7128,2376,4752,14256,4752,11880,2376,1425,12831,-9.37696664568911,0.177,Low
Chhattisgarh,2014,48222,2062,14351,4.28,0.426,6487199,74.3341,21699,12055,7233,2411,4824,14466,4822,12055,2411,1446,13022,1.4772727272727382,0.351,Low
Chhattisgarh,2015,49643,1954,19022,3.94,0.501,6283837,79.0011,22339,12410,7446,2482,4966,14892,4964,12410,2482,1489,13406,2.9467877732155534,0.465,Medium
Chhattisgarh,2016,51411,1549,19518,3.01,0.47,6580865,78.1219,23134,12852,7711,2570,5144,15423,5141,12852,2570,1542,13883,3.561428600205474,0.42,Medium
Chhattisgarh,2017,50829,1485,14903,2.92,0.381,6653727,76.3918,22873,12707,7624,2541,5084,15248,5082,12707,2541,1524,13727,-1.1320534515959602,0.28,Low
Chhattisgarh,2018,52804,1931,15536,3.66,0.404,7426948,71.0978,23761,13201,7920,2640,5282,15841,5280,13201,2640,1584,14258,3.8855771311652854,0.323,Low
Chhattisgarh,2019,53964,1778,16920,3.29,0.412,8155203,66.1713,24283,13491,8094,2698,5398,16189,5396,13491,2698,1618,14572,2.196803272479353,0.33,Low
Chhattisgarh,2020,53788,2917,12953,5.42,0.404,7620289,70.5852,24204,13447,8068,2689,5380,16136,5378,13447,2689,1613,14525,-0.3261433548291448,0.314,Low
Chhattisgarh,2021,55980,1502,18750,2.68,0.415,7967875,70.2571,25191,13995,8397,2799,5598,16794,5598,13995,2799,1679,15115,4.075258421952843,0.339,Low
Chhattisgarh,2022,56647,796,15804,1.41,0.321,7992892,70.8717,25491,14161,8497,2832,5666,16994,5664,14161,2832,1699,15297,1.191496963201133,0.196,Low
Chhattisgarh,2023,58930,2508,23376,4.26,0.524,8307885,70.9326,26518,14732,8839,2946,5895,17679,5893,14732,2946,1767,15913,4.030222253605653,0.499,Medium
Delhi,2010,15677,848,5496,5.41,0.513,9378820,16.7153,7054,3919,2351,783,1570,4703,1567,3919,783,470,4235,0.0,0.461,Medium
Delhi,2011,15824,780,3688,4.93,0.381,11278102,14.0307,7120,3956,2373,791,1584,4747,1582,3956,791,474,4274,0.9376794029470004,0.269,Low
Delhi,2012,15758,732,5045,4.65,0.46,10860546,14.5094,7091,3939,2363,787,1578,4727,1575,3939,787,472,4258,-0.41708796764408085,0.382,Low
Delhi,2013,16136,541,4741,3.35,0.394,12407734,13.0048,7261,4034,2420,806,1615,4840,1613,4034,806,484,4359,2.398781571265385,0.291,Low
Delhi,2014,15926,717,4537,4.5,0.42,12273169,12.9763,7166,3981,2388,796,1595,4777,1592,3981,796,477,4303,-1.3014377788795217,0.321,Low
Delhi,2015,17067,593,5108,3.47,0.404,13437557,12.701,7680,4266,2560,853,1708,5120,1706,4266,853,512,4610,7.164385281928931,0.316,Low
Delhi,2016,18082,567,6855,3.14,0.473,13089599,13.814,8136,4520,2712,904,1810,5424,1808,4520,904,542,4884,5.947149469736912,0.415,Medium
Delhi,2017,18009,479,4954,2.66,0.355,12841787,14.0237,8104,4502,2701,900,1802,5402,1800,4502,900,540,4865,-0.40371640305275625,0.229,Low
Delhi,2018,18120,749,5768,4.13,0.442,14773775,12.265,8154,4530,2718,906,1812,5436,1812,4530,906,543,4893,0.6163584874229633,0.357,Low
Delhi,2019,17622,637,4156,3.61,0.344,13425628,13.1256,7929,4405,2643,881,1764,5286,1762,4405,881,528,4760,-2.7483443708609223,0.207,Low
Delhi,2020,19837,602,5154,3.03,0.351,12921575,15.3518,8926,4959,2975,991,1986,5951,1983,4959,991,595,5358,12.569515378504148,0.251,Low
Delhi,2021,18381,605,4266,3.29,0.331,14653996,12.5433,8271,4595,2757,919,1839,5514,1838,4595,919,551,4964,-7.339819529162672,0.178,Low
Delhi,2022,20536,573,5192,2.79,0.337,14380254,14.2807,9241,5134,3080,1026,2055,6160,2053,5134,1026,616,5547,11.724062891028787,0.228,Low
Delhi,2023,18790,758,5682,4.03,0.423,16371325,11.4774,8455,4697,2818,939,1881,5637,1879,4697,939,563,5075,-8.502142578885863,0.31,Low
Goa,2010,26613,1177,8792,4.42,0.463,1121521,237.2938,11975,6653,3991,1330,2664,7983,2661,6653,1330,798,7188,0.0,0.441,Medium
Goa,2011,25162,932,8154,3.7,0.435,1131298,222.4171,11322,6290,3774,1258,2518,7548,2516,6290,1258,754,6796,-5.4522225979784285,0.384,Low
Goa,2012,28976,1143,7033,3.94,0.361,1178336,245.9061,13039,7244,4346,1448,2899,8692,2897,7244,1448,869,7826,15.157777601144584,0.326,Low
Goa,2013,26573,744,7415,2.8,0.363,1176922,225.7839,11957,6643,3985,1328,2660,7971,2657,6643,1328,797,7177,-8.293070127001656,0.274,Low
Goa,2014,26186,1208,6342,4.61,0.381,1318508,198.6033,11783,6546,3927,1309,2621,7855,2618,6546,1309,785,7073,-1.4563654837617124,0.308,Low
Goa,2015,27401,1310,8181,4.78,0.442,1153282,237.5915,12330,6850,4110,1370,2741,8220,2740,6850,1370,822,7399,4.639883907431441,0.42,Medium
Goa,2016,28116,1357,9065,4.83,0.467,1295447,217.0371,12652,7029,4217,1405,2813,8434,2811,7029,1405,843,7594,2.609393817743877,0.447,Medium
Goa,2017,26968,1318,10612,4.89,0.54,1452646,185.6474,12135,6742,4045,1348,2698,8090,2696,6742,1348,809,7283,-4.083084364774503,0.532,Medium
Goa,2018,29937,1162,9717,3.88,0.441,1273313,235.1111,13471,7484,4490,1496,2996,8981,2993,7484,1496,898,8085,11.009344408187483,0.431,Medium
Goa,2019,31710,1449,10725,4.57,0.475,1338857,236.8438,14269,7927,4756,1585,3173,9513,3171,7927,1585,951,8563,5.922437117947688,0.471,Medium
Goa,2020,30756,1319,10200,4.29,0.46,1292460,237.9648,13840,7689,4613,1537,3077,9226,3075,7689,1537,922,8307,-3.008514664143802,0.43,Medium
Goa,2021,28985,992,7840,3.42,0.373,1473344,196.7293,13043,7246,4347,1449,2900,8695,2898,7246,1449,869,7828,-5.758226037195991,0.287,Low
Goa,2022,32612,1462,9952,4.48,0.44,1555205,209.6958,14675,8153,4891,1630,3263,9783,3261,8153,1630,978,8807,12.513368983957228,0.427,Medium
Goa,2023,31824,318,11334,1.0,0.386,1742322,182.6528,14320,7956,4773,1591,3184,9547,3182,7956,1591,954,8594,-2.4162884827670816,0.31,Low
Gujarat,2010,52870,1845,10336,3.49,0.3,355049,1489.0902,23791,13217,7930,2643,5289,15861,5287,13217,2643,1586,14276,0.0,0.501,Medium
Gujarat,2011,55342,2381,18301,4.3,0.46,361064,1532.7477,24903,13835,8301,2767,5536,16602,5534,13835,2767,1660,14944,4.675619443919055,0.755,High
Gujarat,2012,56205,2081,18432,3.7,0.439,365313,1538.5437,25292,14051,8430,2810,5622,16861,5620,14051,2810,1686,15177,1.5593943117343079,0.719,High
Gujarat,2013,62423,1886,16653,3.02,0.357,386591,1614.7039,28090,15605,9363,3121,6244,18726,6242,15605,3121,1872,16857,11.063072680366526,0.638,Medium
Gujarat,2014,53690,2722,15295,5.07,0.437,373823,1436.2412,24160,13422,8053,2684,5371,16107,5369,13422,2684,1610,14498,-13.990035724011985,0.658,High
Gujarat,2015,59180,2042,21515,3.45,0.467,400713,1476.8675,26631,14795,8877,2959,5918,17754,5918,14795,2959,1775,15979,10.225367852486489,0.764,High
Gujarat,2016,64107,2300,14598,3.59,0.335,380986,1682.6603,28848,16026,9616,3205,6412,19232,6410,16026,3205,1923,17311,8.32544778641433,0.616,Medium
Gujarat,2017,62743,2483,19041,3.96,0.422,429855,1459.6317,28234,15685,9411,3137,6276,18822,6274,15685,3137,1882,16943,-2.12769276366076,0.668,High
Gujarat,2018,66550,2365,27537,3.55,0.52,430205,1546.9369,29947,16637,9982,3327,6657,19965,6655,16637,3327,1996,17970,6.067609135680474,0.849,High
Gujarat,2019,64968,3482,23389,5.36,0.521,472945,1373.6904,29235,16242,9745,3248,6498,19490,6496,16242,3248,1949,17543,-2.377160030052594,0.791,High
Gujarat,2020,67224,3009,15283,4.48,0.362,462972,1452.0101,30250,16806,10083,3361,6724,20167,6722,16806,3361,2016,18152,3.472478758773545,0.59,Medium
Gujarat,2021,68329,1465,24026,2.14,0.416,416039,1642.3701,30748,17082,10249,3416,6834,20498,6832,17082,3416,2049,18452,1.6437581816018065,0.71,High
Gujarat,2022,64090,2475,21057,3.86,0.444,492151,1302.2426,28840,16022,9613,3204,6411,19227,6409,16022,3204,1922,17306,-6.203808046363912,0.653,High
Gujarat,2023,73646,3665,24672,4.98,0.484,478123,1540.3149,33140,18411,11046,3682,7367,22093,7364,18411,3682,2209,19887,14.910282415353414,0.814,High
Haryana,2010,24218,734,5190,3.03,0.305,3208251,75.4866,10898,6054,3632,1210,2424,7265,2421,6054,1210,726,6542,0.0,0.171,Low
Haryana,2011,23065,1092,5080,4.73,0.362,3021429,76.3381,10379,5766,3459,1153,2308,6919,2306,5766,1153,691,6230,-4.76092162854076,0.244,Low
Haryana,2012,23736,841,6586,3.54,0.384,3325134,71.3836,10681,5934,3560,1186,2375,7120,2373,5934,1186,712,6411,2.9091697376978143,0.292,Low
Haryana,2013,22868,767,6997,3.35,0.407,3420415,66.8574,10290,5717,3430,1143,2288,6860,2286,5717,1143,686,6176,-3.656892483990559,0.31,Low
Haryana,2014,25679,609,5733,2.37,0.294,3664628,70.0726,11555,6419,3851,1283,2571,7703,2567,6419,1283,770,6937,12.292286164072074,0.18,Low
Haryana,2015,25705,707,9705,2.75,0.46,3575067,71.9008,11567,6426,3855,1285,2572,7711,2570,6426,1285,771,6942,0.10125004867791443,0.397,Low
Haryana,2016,27313,974,11008,3.57,0.51,3986059,68.5213,12290,6828,4096,1365,2734,8193,2731,6828,1365,819,7377,6.2555922972184375,0.482,Medium
Haryana,2017,25987,1162,8634,4.47,0.466,4032661,64.4413,11694,6496,3898,1299,2600,7796,2598,6496,1299,779,7019,-4.8548310328415,0.393,Low
Haryana,2018,25580,1070,9027,4.18,0.478,3542734,72.2041,11511,6395,3837,1279,2558,7674,2558,6395,1279,767,6907,-1.5661676992342333,0.42,Medium
Haryana,2019,25814,377,7396,1.46,0.33,4137543,62.3897,11616,6453,3872,1290,2583,7744,2581,6453,1290,774,6972,0.9147771696637941,0.206,Low
Haryana,2020,29793,1064,11363,3.57,0.489,3820966,77.9724,13406,7448,4468,1489,2982,8937,2979,7448,1489,893,8047,15.414116370961484,0.473,Medium
Haryana,2021,26175,901,8355,3.44,0.422,4207219,62.2145,11778,6543,3926,1308,2620,7852,2617,6543,1308,785,7070,-12.143792165945023,0.313,Low
Haryana,2022,26221,894,6156,3.41,0.337,4468826,58.6754,11799,6555,3933,1311,2623,7866,2622,6555,1311,786,7081,0.17574021012416452,0.214,Low
Haryana,2023,29876,764,8195,2.56,0.351,4199148,71.1478,13444,7469,4481,1493,2989,8962,2987,7469,1493,896,8069,13.939209030929401,0.267,Low
Himachal Pradesh,2010,30390,919,7877,3.02,0.35,1714014,177.3031,13675,7597,4558,1519,3041,9117,3039,7597,1519,911,8207,0.0,0.261,Low
Himachal Pradesh,2011,29349,971,8889,3.31,0.402,1619185,181.2579,13207,7337,4402,1467,2936,8804,2934,7337,1467,880,7927,-3.4254689042448216,0.331,Low
Himachal Pradesh,2012,32418,1148,10559,3.54,0.432,2006300,161.581,14588,8104,4862,1620,3244,9725,3241,8104,1620,972,8756,10.456915056731052,0.399,Low
Himachal Pradesh,2013,34816,1002,9162,2.88,0.349,2013533,172.91,15667,8704,5222,1740,3483,10444,3481,8704,1740,1044,9403,7.397125053982356,0.274,Low
Himachal Pradesh,2014,33047,750,13837,2.27,0.487,1989940,166.0703,14871,8261,4957,1652,3306,9914,3304,8261,1652,991,8925,-5.080997242647056,0.448,Medium
Himachal Pradesh,2015,33615,439,11515,1.31,0.382,1982821,169.5312,15126,8403,5042,1680,3364,10084,3361,8403,1680,1008,9079,1.718764184343513,0.31,Low
Himachal Pradesh,2016,35484,1585,8920,4.47,0.385,2158912,164.3606,15967,8871,5322,1774,3550,10645,3548,8871,1774,1064,9582,5.560017849174481,0.321,Low
Himachal Pradesh,2017,38842,405,10078,1.04,0.291,2114705,183.6757,17478,9710,5826,1942,3886,11652,3884,9710,1942,1165,10489,9.463420133017708,0.196,Low
Himachal Pradesh,2018,36520,1260,9018,3.45,0.35,2204810,165.6379,16434,9130,5478,1826,3652,10956,3652,9130,1826,1095,9861,-5.978064981205911,0.245,Low
Himachal Pradesh,2019,36190,1139,11251,3.15,0.405,2450613,147.6773,16285,9047,5428,1809,3621,10857,3619,9047,1809,1085,9773,-0.9036144578313254,0.332,Low
Himachal Pradesh,2020,40138,1667,10287,4.15,0.381,2408014,166.6851,18062,10034,6020,2006,4016,12041,4013,10034,2006,1204,10840,10.909090909090914,0.327,Low
Himachal Pradesh,2021,43183,1949,12003,4.51,0.413,2668534,161.8229,19432,10795,6477,2159,4320,12954,4318,10795,2159,1295,11662,7.586327171259155,0.366,Low
Himachal Pradesh,2022,38998,1104,14420,2.83,0.455,2371275,164.46,17549,9749,5849,1949,3902,11699,3899,9749,1949,1169,10533,-9.691313711414217,0.391,Low
Himachal Pradesh,2023,37004,1643,11152,4.44,0.435,2618513,141.3168,16651,9251,5550,1850,3702,11101,3700,9251,1850,1110,9992,-5.113082722190887,0.366,Low
Jharkhand,2010,51505,1154,18512,2.24,0.427,936788,549.8042,23177,12876,7725,2575,5152,15451,5150,12876,2575,1545,13908,0.0,0.462,Medium
Jharkhand,2011,55118,2429,16511,4.41,0.432,995033,553.9314,24803,13779,8267,2755,5514,16535,5511,13779,2755,1653,14885,7.014852926900295,0.486,Medium
Jharkhand,2012,58277,2369,18316,4.07,0.436,1097230,531.1284,26224,14569,8741,2913,5830,17483,5827,14569,2913,1748,15737,5.731340034108645,0.483,Medium
Jharkhand,2013,60783,2075,15470,3.41,0.357,1075022,565.4117,27352,15195,9117,3039,6080,18234,6078,15195,3039,1823,16414,4.300152718911399,0.373,Low
Jharkhand,2014,58884,3067,20572,5.21,0.506,1117219,527.0587,26497,14721,8832,2944,5890,17665,5888,14721,2944,1766,15900,-3.124228813977592,0.566,Medium
Jharkhand,2015,59482,1560,17255,2.62,0.369,1136919,523.1859,26766,14870,8922,2974,5950,17844,5948,14870,2974,1784,16062,1.015556008423335,0.373,Low
Jharkhand,2016,55410,2627,22349,4.74,0.546,1033461,536.1596,24934,13852,8311,2770,5543,16623,5541,13852,2770,1662,14962,-6.845768467771762,0.618,Medium
Jharkhand,2017,57622,2149,15608,3.73,0.383,1194514,482.3887,25929,14405,8643,2881,5764,17286,5762,14405,2881,1728,15560,3.9920591950911355,0.391,Low
Jharkhand,2018,62864,1556,22908,2.48,0.439,1241660,506.29,28288,15716,9429,3143,6288,18859,6286,15716,3143,1885,16975,9.09721981187741,0.489,Medium
Jharkhand,2019,62597,3132,17187,5.0,0.425,1170340,534.8617,28168,15649,9389,3129,6262,18779,6259,15649,3129,1877,16904,-0.4247263934843426,0.455,Medium
Jharkhand,2020,66065,2545,21576,3.85,0.442,1326805,497.9255,29729,16516,9909,3303,6608,19819,6606,16516,3303,1981,17840,5.540201607105777,0.484,Medium
Jharkhand,2021,68286,2714,18526,3.97,0.391,1271697,536.9675,30728,17071,10242,3414,6831,20485,6828,17071,3414,2048,18440,3.3618406115189625,0.414,Medium
Jharkhand,2022,70186,2627,23934,3.74,0.453,1235537,568.0607,31583,17546,10527,3509,7021,21055,7018,17546,3509,2105,18953,2.7824151363383454,0.511,Medium
Jharkhand,2023,67629,3656,22157,5.41,0.49,1405664,481.1178,30433,16907,10144,3381,6764,20288,6762,16907,3381,2028,18263,-3.643176701906359,0.53,Medium
Karnataka,2010,57535,2882,11907,5.01,0.357,2378139,241.9329,25890,14383,8630,2876,5756,17260,5753,14383,2876,1726,15537,0.0,0.287,Low
Karnataka,2011,70393,816,13061,1.16,0.22,2516279,279.7504,31676,17598,10558,3519,7042,21117,7039,17598,3519,2111,19009,22.34813591726774,0.143,Low
Karnataka,2012,73888,1935,18908,2.62,0.334,2493279,296.3487,33249,18472,11083,3694,7390,22166,7388,18472,3694,2216,19952,4.964982313582311,0.277,Low
Karnataka,2013,70771,3223,22928,4.55,0.461,2712821,260.876,31846,17692,10615,3538,7080,21231,7077,17692,3538,2123,19110,-4.218546990038973,0.434,Medium
Karnataka,2014,75980,3206,21456,4.22,0.409,2541498,298.9575,34191,18995,11397,3799,7598,22794,7598,18995,3799,2279,20515,7.360359469274136,0.392,Low
Karnataka,2015,73638,3932,20595,5.34,0.44,2714500,271.2765,33137,18409,11045,3681,7366,22091,7363,18409,3681,2209,19885,-3.0823901026585943,0.408,Medium
Karnataka,2016,66883,2792,27613,4.17,0.538,2633511,253.9689,30097,16720,10032,3344,6690,20064,6688,16720,3344,2006,18061,-9.173252940058118,0.535,Medium
Karnataka,2017,88804,3269,15216,3.68,0.282,2790493,318.2377,39961,22201,13320,4440,8882,26641,8880,22201,4440,2664,23978,32.77514465559259,0.265,Low
Karnataka,2018,83365,4584,28002,5.5,0.501,3157729,264.003,37514,20841,12504,4168,8338,25009,8336,20841,4168,2500,22511,-6.124724111526502,0.489,Medium
Karnataka,2019,75423,2126,16293,2.82,0.301,2919996,258.2983,33940,18855,11313,3771,7544,22626,7542,18855,3771,2262,20367,-9.52677982366701,0.188,Low
Karnataka,2020,84237,3127,28926,3.71,0.455,2949088,285.6375,37906,21059,12635,4211,8426,25271,8423,21059,4211,2527,22746,11.686090449862775,0.465,Medium
Karnataka,2021,79575,2947,21474,3.7,0.381,3383627,235.1766,35808,19893,11936,3978,7960,23872,7957,19893,3978,2387,21488,-5.53438512767549,0.308,Low
Karnataka,2022,82017,2464,26322,3.0,0.411,3196265,256.6026,36907,20504,12302,4100,8204,24605,8201,20504,4100,2460,22147,3.0688030160226143,0.376,Low
Karnataka,2023,81235,1950,26554,2.4,0.399,3115506,260.7442,36555,20308,12185,4061,8126,24370,8123,20308,4061,2437,21936,-0.9534608678688605,0.35,Low
Kerala,2010,11505,478,3724,4.15,0.448,453126,253.9029,5177,2876,1725,575,1152,3451,1150,2876,575,345,3108,0.0,0.423,Medium
Kerala,2011,12180,310,2706,2.55,0.299,379294,321.1229,5481,3045,1827,609,1218,3654,1218,3045,609,365,3289,5.867014341590604,0.233,Low
Kerala,2012,12708,543,4112,4.27,0.452,421305,301.6342,5718,3177,1906,635,1272,3812,1270,3177,635,381,3433,4.334975369458127,0.449,Medium
Kerala,2013,13583,380,3458,2.8,0.339,454753,298.6896,6112,3395,2037,679,1360,4074,1358,3395,679,407,3670,6.885426502990244,0.289,Low
Kerala,2014,13199,265,3935,2.01,0.358,497767,265.1642,5939,3299,1979,659,1323,3959,1319,3299,659,395,3568,-2.8270632408157303,0.288,Low
Kerala,2015,14178,521,3303,3.67,0.343,506599,279.8663,6380,3544,2126,708,1420,4253,1417,3544,708,425,3831,7.417228577922574,0.291,Low
Kerala,2016,12968,308,3006,2.38,0.303,468867,276.5816,5835,3242,1945,648,1298,3890,1296,3242,648,389,3503,-8.534348991395124,0.198,Low
Kerala,2017,13579,628,5605,4.62,0.552,518646,261.8163,6110,3394,2036,678,1361,4073,1357,3394,678,407,3670,4.7115977791486685,0.587,Medium
Kerala,2018,14985,465,3258,3.1,0.311,568771,263.4628,6743,3746,2247,749,1500,4495,1498,3746,749,449,4048,10.354223433242504,0.247,Low
Kerala,2019,14676,780,3276,5.31,0.383,644061,227.8666,6604,3669,2201,733,1469,4402,1467,3669,733,440,3965,-2.0620620620620644,0.317,Low
Kerala,2020,15879,552,4526,3.48,0.389,559836,283.6366,7145,3969,2381,793,1591,4763,1587,3969,793,476,4291,8.197056418642678,0.361,Low
Kerala,2021,15138,501,4930,3.31,0.425,587394,257.7146,6812,3784,2270,756,1516,4541,1513,3784,756,454,4090,-4.666540714150768,0.38,Low
Kerala,2022,16306,591,4682,3.62,0.396,643050,253.5728,7337,4076,2445,815,1633,4891,1630,4076,815,489,4405,7.715682388690714,0.363,Low
Kerala,2023,14500,556,4368,3.83,0.416,583024,248.7033,6525,3625,2175,725,1450,4350,1450,3625,725,435,3915,-11.075677664663319,0.351,Low
Madhya Pradesh,2010,70018,1133,21506,1.62,0.356,9577625,73.1058,31508,17504,10502,3500,7004,21005,7001,17504,3500,2100,18908,0.0,0.245,Low
Madhya Pradesh,2011,71727,2957,21564,4.12,0.424,9494184,75.5484,32277,17931,10759,3586,7174,21518,7172,17931,3586,2151,19369,2.4408009369019323,0.35,Low
Madhya Pradesh,2012,63531,1651,19792,2.6,0.389,9448310,67.2406,28588,15882,9529,3176,6356,19059,6353,15882,3176,1905,17156,-11.426659416955953,0.267,Low
Madhya Pradesh,2013,74111,2939,27300,3.97,0.487,10618674,69.7931,33349,18527,11116,3705,7414,22233,7411,18527,3705,2223,20012,16.65328737151941,0.471,Medium
Madhya Pradesh,2014,73877,3138,25875,4.25,0.478,10201654,72.4167,33244,18469,11081,3693,7390,22163,7387,18469,3693,2216,19949,-0.31574260231275186,0.422,Medium
Madhya Pradesh,2015,73281,2493,20241,3.4,0.378,11349824,64.5658,32976,18320,10992,3664,7329,21984,7328,18320,3664,2198,19787,-0.8067463486606141,0.273,Low
Madhya Pradesh,2016,73669,3500,20748,4.75,0.424,11398364,64.6312,33151,18417,11050,3683,7368,22100,7366,18417,3683,2210,19893,0.529468757249485,0.343,Low
Madhya Pradesh,2017,78208,1973,23384,2.52,0.375,11660744,67.0695,35193,19552,11731,3910,7822,23462,7820,19552,3910,2346,21118,6.16134330586815,0.284,Low
Madhya Pradesh,2018,78852,1701,30363,2.16,0.45,11855227,66.5124,35483,19713,11827,3942,7887,23655,7885,19713,3942,2365,21292,0.823445171849424,0.383,Low
Madhya Pradesh,2019,77597,3973,25674,5.12,0.484,11409175,68.0128,34918,19399,11639,3879,7762,23279,7759,19399,3879,2327,20954,-1.5915893065489795,0.427,Medium
Madhya Pradesh,2020,78167,2562,24612,3.28,0.413,12859956,60.7833,35175,19541,11725,3908,7818,23450,7816,19541,3908,2345,21107,0.7345644805855978,0.327,Low
Madhya Pradesh,2021,87273,3525,32058,4.04,0.489,12886834,67.7226,39272,21818,13090,4363,8730,26181,8727,21818,4363,2618,23566,11.649417273273887,0.463,Medium
Madhya Pradesh,2022,82292,2877,24403,3.5,0.401,11445861,71.8967,37031,20573,12343,4114,8231,24687,8229,20573,4114,2468,22221,-5.707377997777085,0.298,Low
Madhya Pradesh,2023,84567,3225,23576,3.81,0.393,13038428,64.8598,38055,21141,12685,4228,8458,25370,8456,21141,4228,2537,22835,2.764545763865267,0.303,Low
Maharashtra,2010,30248,1365,6290,4.51,0.343,2562150,118.0571,13611,7562,4537,1512,3026,9074,3024,7562,1512,907,8169,0.0,0.237,Low
Maharashtra,2011,27280,961,8890,3.52,0.432,2734461,99.7637,12276,6820,4092,1364,2728,8184,2728,6820,1364,818,7366,-9.812218989685274,0.341,Low
Maharashtra,2012,29183,800,7862,2.74,0.352,2730959,106.8599,13132,7295,4377,1459,2920,8754,2918,7295,1459,875,7882,6.975806451612909,0.262,Low
Maharashtra,2013,28068,602,7050,2.14,0.316,3197744,87.7744,12630,7017,4210,1403,2808,8420,2806,7017,1403,842,7580,-3.8207175410341687,0.182,Low
Maharashtra,2014,28655,1757,9303,6.13,0.509,3166855,90.4841,12894,7163,4298,1432,2868,8596,2865,7163,1432,859,7740,2.0913495795924275,0.477,Medium
Maharashtra,2015,29426,1235,7980,4.2,0.397,3257754,90.326,13241,7356,4413,1471,2945,8827,2942,7356,1471,882,7948,2.690629907520492,0.315,Low
Maharashtra,2016,35421,1205,12661,3.4,0.46,3220779,109.9765,15939,8855,5313,1771,3543,10626,3542,8855,1771,1062,9565,20.37313940053014,0.449,Medium
Maharashtra,2017,31975,1685,8590,5.27,0.427,3749875,85.2695,14388,7993,4796,1598,3200,9592,3197,7993,1598,959,8636,-9.728692018858865,0.331,Low
Maharashtra,2018,33769,991,11198,2.93,0.42,3710499,91.0093,15196,8442,5065,1688,3378,10130,3376,8442,1688,1013,9120,5.6106333072712955,0.355,Low
Maharashtra,2019,34262,661,9032,1.93,0.321,3593547,95.3431,15417,8565,5139,1713,3428,10278,3426,8565,1713,1027,9253,1.4599188604933477,0.202,Low
Maharashtra,2020,33797,1392,10439,4.12,0.432,3489098,96.8646,15208,8449,5069,1689,3382,10139,3379,8449,1689,1013,9128,-1.3571887221995205,0.359,Low
Maharashtra,2021,35139,1444,11525,4.11,0.451,4046315,86.842,15812,8784,5270,1756,3517,10541,3513,8784,1756,1054,9491,3.9707666360919713,0.396,Low
Maharashtra,2022,36479,1444,10815,3.96,0.415,3611883,100.9972,16415,9119,5471,1823,3651,10943,3647,9119,1823,1094,9853,3.813426676911691,0.346,Low
Maharashtra,2023,36472,1352,11436,3.71,0.425,3781306,96.4534,16412,9118,5470,1823,3649,10941,3647,9118,1823,1094,9849,-0.019189122508844747,0.351,Low
Manipur,2010,38665,1760,11523,4.55,0.435,12315541,31.3953,17399,9666,5799,1933,3868,11599,3866,9666,1933,1159,10442,0.0,0.35,Low
Manipur,2011,42197,1489,14638,3.53,0.453,12026899,35.0855,18988,10549,6329,2109,4222,12659,4219,10549,2109,1265,11396,9.134876503297562,0.397,Low
Manipur,2012,43292,1315,12047,3.04,0.369,12583581,34.4036,19481,10823,6493,2164,4331,12987,4329,10823,2164,1298,11691,2.594971206483865,0.26,Low
Manipur,2013,44524,1345,16152,3.02,0.453,12625685,35.2646,20035,11131,6678,2226,4454,13357,4452,11131,2226,1335,12023,2.8457913702300663,0.384,Low
Manipur,2014,44503,1361,16570,3.06,0.464,13786777,32.2795,20026,11125,6675,2225,4452,13350,4450,11125,2225,1335,12018,-0.047165573623209056,0.393,Low
Manipur,2015,48291,972,15132,2.01,0.374,14714994,32.8175,21730,12072,7243,2414,4832,14487,4829,12072,2414,1448,13041,8.511785722310862,0.28,Low
Manipur,2016,47005,2146,12885,4.57,0.411,15547517,30.2331,21152,11751,7050,2350,4702,14101,4700,11751,2350,1410,12693,-2.663022095214429,0.309,Low
Manipur,2017,53130,1666,14755,3.14,0.372,16046882,33.1092,23908,13282,7969,2656,5315,15939,5313,13282,2656,1593,14347,13.030528667163077,0.287,Low
Manipur,2018,52382,1559,14614,2.98,0.368,15178578,34.5105,23571,13095,7857,2619,5240,15714,5238,13095,2619,1571,14145,-1.407867494824011,0.25,Low
Manipur,2019,46474,1199,11608,2.58,0.327,15223451,30.5279,20913,11618,6971,2323,4649,13942,4647,11618,2323,1394,12550,-11.278683517238742,0.168,Low
Manipur,2020,50476,1884,19055,3.73,0.489,15454923,32.6601,22714,12619,7571,2523,5049,15142,5047,12619,2523,1514,13631,8.611266514610328,0.448,Medium
Manipur,2021,53798,1767,16006,3.28,0.396,17266216,31.158,24209,13449,8069,2689,5382,16139,5379,13449,2689,1613,14529,6.581345589983356,0.307,Low
Manipur,2022,49802,1933,15355,3.88,0.425,17560364,28.3605,22410,12450,7470,2490,4982,14940,4980,12450,2490,1494,13448,-7.427785419532329,0.319,Low
Manipur,2023,54043,3218,14489,5.95,0.447,17107506,31.5902,24319,13510,8106,2702,5406,16212,5404,13510,2702,1621,14594,8.515722260150206,0.386,Low
Meghalaya,2010,24914,1168,9243,4.69,0.512,977071,254.9866,11211,6228,3737,1245,2493,7474,2491,6228,1245,747,6729,0.0,0.516,Medium
Meghalaya,2011,25215,1001,6868,3.97,0.391,1075563,234.4354,11346,6303,3782,1260,2524,7564,2521,6303,1260,756,6811,1.2081560568355076,0.337,Low
Meghalaya,2012,27323,542,10311,1.98,0.437,1176287,232.2817,12295,6830,4098,1366,2734,8196,2732,6830,1366,819,7380,8.360103113226259,0.419,Medium
Meghalaya,2013,26713,831,8395,3.11,0.408,1134828,235.3925,12020,6678,4006,1335,2674,8013,2671,6678,1335,801,7215,-2.232551330380994,0.355,Low
Meghalaya,2014,29168,1607,8492,5.51,0.456,1106939,263.5014,13125,7292,4375,1458,2918,8750,2916,7292,1458,875,7877,9.190281885224415,0.456,Medium
Meghalaya,2015,26762,741,7984,2.77,0.381,1296510,206.4157,12042,6690,4014,1338,2678,8028,2676,6690,1338,802,7228,-8.248765770707623,0.296,Low
Meghalaya,2016,28615,1065,8561,3.72,0.411,1299434,220.2113,12876,7153,4292,1430,2864,8584,2861,7153,1430,858,7729,6.923996711755476,0.375,Low
Meghalaya,2017,33675,999,9278,2.97,0.365,1329306,253.3277,15153,8418,5051,1683,3370,10102,3367,8418,1683,1010,9095,17.683033374104483,0.339,Low
Meghalaya,2018,31552,1686,10386,5.34,0.489,1276789,247.1199,14198,7888,4732,1577,3157,9465,3155,7888,1577,946,8521,-6.304380103934671,0.467,Medium
Meghalaya,2019,32006,1475,10914,4.61,0.479,1370852,233.4752,14402,8001,4800,1600,3203,9601,3200,8001,1600,960,8644,1.4388945233265726,0.466,Medium
Meghalaya,2020,33292,1554,12288,4.67,0.509,1418297,234.7322,14981,8323,4993,1664,3331,9987,3329,8323,1664,998,8991,4.0179966256326916,0.516,Medium
Meghalaya,2021,32068,1169,11554,3.65,0.47,1352920,237.0281,14430,8017,4810,1603,3208,9620,3206,8017,1603,962,8660,-3.676558933077012,0.443,Medium
Meghalaya,2022,33442,1038,10080,3.1,0.395,1539849,217.1771,15048,8360,5016,1672,3346,10032,3344,8360,1672,1003,9031,4.28464512910065,0.345,Low
Meghalaya,2023,33769,1197,7834,3.54,0.338,1539505,219.3497,15196,8442,5065,1688,3378,10130,3376,8442,1688,1013,9120,0.9778123317983445,0.256,Low
Mizoram,2010,14308,531,4483,3.71,0.425,4508893,31.7328,6438,3577,2146,715,1432,4292,1430,3577,715,429,3865,0.0,0.336,Low
Mizoram,2011,13891,492,5006,3.54,0.467,4425807,31.3864,6250,3472,2083,694,1392,4167,1389,3472,694,416,3753,-2.9144534526139187,0.391,Low
Mizoram,2012,13919,544,4045,3.91,0.408,4838001,28.7701,6263,3479,2087,695,1395,4175,1391,3479,695,417,3762,0.20156936145705462,0.311,Low
Mizoram,2013,13815,507,2894,3.67,0.32,5352629,25.8097,6216,3453,2072,690,1384,4144,1381,3453,690,414,3733,-0.7471801135139011,0.179,Low
Mizoram,2014,14027,508,4465,3.62,0.427,5135916,27.3116,6312,3506,2104,701,1404,4208,1402,3506,701,420,3790,1.5345638798407446,0.341,Low
Mizoram,2015,14589,213,4910,1.46,0.38,5736861,25.4303,6565,3647,2188,729,1460,4376,1458,3647,729,437,3942,4.006558779496694,0.277,Low
Mizoram,2016,13712,424,3270,3.09,0.331,5561395,24.6557,6170,3428,2056,685,1373,4113,1371,3428,685,411,3704,-6.011378435807801,0.184,Low
Mizoram,2017,15772,707,5616,4.48,0.491,6158321,25.6109,7097,3943,2365,788,1579,4731,1577,3943,788,473,4260,15.023337222870481,0.463,Medium
Mizoram,2018,15419,362,4537,2.35,0.365,6136270,25.1276,6938,3854,2312,770,1545,4625,1541,3854,770,462,4167,-2.2381435455237075,0.242,Low
Mizoram,2019,14966,772,5161,5.16,0.5,6053105,24.7245,6734,3741,2244,748,1499,4489,1496,3741,748,448,4044,-2.9379337181399623,0.438,Medium
Mizoram,2020,15653,443,4753,2.83,0.389,6212529,25.1959,7043,3913,2347,782,1568,4695,1565,3913,782,469,4229,4.590404917813706,0.292,Low
Mizoram,2021,17197,542,5593,3.15,0.42,6443619,26.6884,7738,4299,2579,859,1722,5159,1719,4299,859,515,4646,9.863923848463552,0.349,Low
Mizoram,2022,16987,555,5697,3.27,0.433,6860497,24.7606,7644,4246,2548,849,1700,5096,1698,4246,849,509,4589,-1.2211432226551189,0.343,Low
Mizoram,2023,17429,715,4405,4.1,0.376,6899364,25.2617,7843,4357,2614,871,1744,5228,1742,4357,871,522,4709,2.6019897568729133,0.268,Low
Nagaland,2010,7363,368,2343,5.0,0.468,9489955,7.7587,3313,1840,1104,368,738,2208,736,1840,368,220,1991,0.0,0.393,Low
Nagaland,2011,6669,202,1558,3.03,0.324,11297376,5.9031,3001,1667,1000,333,668,2000,666,1667,333,200,1803,-9.425505907917964,0.162,Low
Nagaland,2012,6486,354,2582,5.46,0.562,10844856,5.9807,2918,1621,972,324,651,1945,648,1621,324,194,1754,-2.744039586144853,0.524,Medium
Nagaland,2013,7321,250,2526,3.41,0.447,12163499,6.0188,3294,1830,1098,366,733,2196,732,1830,366,219,1978,12.873882207832255,0.389,Low
Nagaland,2014,7447,295,2003,3.96,0.388,12069605,6.17,3351,1861,1117,372,746,2234,744,1861,372,223,2013,1.7210763556891218,0.279,Low
Nagaland,2015,7564,195,2263,2.58,0.377,11955134,6.327,3403,1891,1134,378,758,2269,756,1891,378,226,2044,1.571102457365381,0.263,Low
Nagaland,2016,7421,174,2249,2.34,0.373,12075269,6.1456,3339,1855,1113,371,743,2226,742,1855,371,222,2005,-1.8905341089370697,0.25,Low
Nagaland,2017,7627,348,2529,4.56,0.468,12309206,6.1962,3432,1906,1144,381,764,2288,762,1906,381,228,2062,2.7759062121007982,0.399,Low
Nagaland,2018,8095,294,3117,3.63,0.494,14240709,5.6844,3642,2023,1214,404,812,2428,809,2023,404,242,2189,6.13609545037368,0.444,Medium
Nagaland,2019,7527,328,2734,4.36,0.494,14079597,5.346,3387,1881,1129,376,754,2258,752,1881,376,225,2035,-7.016676961087088,0.416,Medium
Nagaland,2020,8139,481,2706,5.91,0.51,15464347,5.2631,3662,2034,1220,406,817,2441,813,2034,406,244,2201,8.130729374252699,0.471,Medium
Nagaland,2021,8937,354,2422,3.96,0.39,14433054,6.192,4021,2234,1340,446,896,2681,893,2234,446,268,2415,9.804644305197208,0.3,Low
Nagaland,2022,8488,193,2822,2.27,0.401,15989431,5.3085,3819,2122,1273,424,850,2546,848,2122,424,254,2294,-5.024057289918316,0.284,Low
Nagaland,2023,8612,487,1912,5.65,0.392,16005957,5.3805,3875,2153,1291,430,863,2583,861,2153,430,258,2327,1.4608859566446641,0.285,Low
Odisha,2010,49456,1447,14776,2.93,0.387,8336823,59.3224,22255,12364,7418,2472,4947,14836,4945,12364,2472,1483,13356,0.0,0.287,Low
Odisha,2011,53835,2119,16252,3.94,0.42,7852576,68.5571,24225,13458,8075,2691,5386,16150,5383,13458,2691,1615,14538,8.854335166612737,0.356,Low
Odisha,2012,51886,1285,14898,2.48,0.361,7407016,70.0498,23348,12971,7782,2594,5191,15565,5188,12971,2594,1556,14012,-3.6203213522801203,0.244,Low
Odisha,2013,52393,2172,14452,4.15,0.4,9014391,58.1215,23576,13098,7858,2619,5242,15717,5239,13098,2619,1571,14149,0.977142196353542,0.308,Low
Odisha,2014,49050,998,15265,2.03,0.372,9084158,53.9951,22072,12262,7357,2452,4907,14715,4905,12262,2452,1471,13245,-6.380623365716797,0.25,Low
Odisha,2015,58082,1766,20557,3.04,0.445,8890564,65.3299,26136,14520,8712,2904,5810,17424,5808,14520,2904,1742,15684,18.41386340468909,0.413,Medium
Odisha,2016,54107,2371,17996,4.38,0.464,8459394,63.9608,24348,13526,8116,2705,5412,16232,5410,13526,2705,1623,14611,-6.843772597362352,0.386,Low
Odisha,2017,59699,2913,16042,4.88,0.415,9645897,61.8906,26864,14924,8954,2984,5973,17909,5969,14924,2984,1790,16123,10.33507679228196,0.351,Low
Odisha,2018,58110,2185,15834,3.76,0.385,9407318,61.7711,26149,14527,8716,2905,5813,17433,5811,14527,2905,1743,15691,-2.6616861253957347,0.279,Low
Odisha,2019,57784,2700,18905,4.67,0.467,9824214,58.8179,26002,14446,8667,2889,5780,17335,5778,14446,2889,1733,15603,-0.5610049905351966,0.403,Medium
Odisha,2020,61051,610,21821,1.0,0.387,9390532,65.0134,27472,15262,9157,3052,6108,18315,6105,15262,3052,1831,16486,5.653814204624119,0.3,Low
Odisha,2021,59047,1405,13891,2.38,0.307,11173650,52.8449,26571,14761,8857,2952,5906,17714,5904,14761,2952,1771,15945,-3.282501515126701,0.161,Low
Odisha,2022,59852,2302,17815,3.85,0.413,11094655,53.9467,26933,14963,8977,2992,5987,17955,5985,14963,2992,1795,16162,1.3633207444916806,0.327,Low
Odisha,2023,62429,1384,21838,2.22,0.416,10837363,57.6053,28093,15607,9364,3121,6244,18728,6242,15607,3121,1872,16859,4.305620530642251,0.338,Low
Punjab,2010,40366,850,10417,2.11,0.321,945489,426.9325,18164,10091,6054,2018,4039,12109,4036,10091,2018,1210,10902,0.0,0.278,Low
Punjab,2011,41689,1968,15038,4.72,0.502,950937,438.3992,18760,10422,6253,2084,4170,12506,4168,10422,2084,1250,11259,3.2775107763959754,0.552,Medium
Punjab,2012,41502,1991,11821,4.8,0.429,1007702,411.8479,18675,10375,6225,2075,4152,12450,4150,10375,2075,1245,11207,-0.4485595720693736,0.431,Medium
Punjab,2013,40862,1205,12357,2.95,0.391,987484,413.7991,18387,10215,6129,2043,4088,12258,4086,10215,2043,1225,11035,-1.5420943568984602,0.374,Low
Punjab,2014,42180,1039,12253,2.46,0.364,1080036,390.5425,18981,10545,6327,2109,4218,12654,4218,10545,2109,1265,11389,3.225490675933629,0.339,Low
Punjab,2015,42052,1475,12908,3.51,0.412,1114731,377.239,18923,10513,6307,2102,4207,12615,4205,10513,2102,1261,11356,-0.3034613560929378,0.399,Low
Punjab,2016,43944,2015,8567,4.59,0.333,1288849,340.9554,19774,10986,6591,2197,4396,13183,4394,10986,2197,1318,11866,4.499191477218689,0.285,Low
Punjab,2017,43197,1686,10932,3.9,0.37,1194780,361.5477,19438,10799,6479,2159,4322,12959,4319,10799,2159,1295,11666,-1.6998907700709998,0.331,Low
Punjab,2018,46621,1328,16487,2.85,0.439,1181441,394.6113,20979,11655,6993,2331,4663,13986,4662,11655,2331,1398,12589,7.92647637567423,0.46,Medium
Punjab,2019,48104,1242,14356,2.58,0.376,1347620,356.9552,21646,12026,7215,2405,4812,14431,4810,12026,2405,1443,12989,3.180969949164547,0.349,Low
Punjab,2020,49909,1900,13852,3.81,0.392,1262881,395.1995,22459,12477,7486,2495,4992,14972,4990,12477,2495,1497,13478,3.7522867121237313,0.382,Low
Punjab,2021,49101,1939,12087,3.95,0.365,1335537,367.6499,22095,12275,7365,2455,4911,14730,4910,12275,2455,1473,13258,-1.6189464825983269,0.325,Low
Punjab,2022,47138,2418,12322,5.13,0.415,1345727,350.2791,21212,11784,7070,2356,4716,14141,4713,11784,2356,1414,12730,-3.9978819168652424,0.389,Low
Punjab,2023,52656,1710,16693,3.25,0.414,1457349,361.3136,23695,13164,7898,2632,5267,15796,5265,13164,2632,1579,14220,11.706054563197421,0.423,Medium
Rajasthan,2010,54130,1389,19072,2.57,0.429,7681720,70.466,24358,13532,8119,2706,5415,16239,5413,13532,2706,1623,14617,0.0,0.351,Low
Rajasthan,2011,63675,2633,23208,4.14,0.489,7640937,83.334,28653,15918,9551,3183,6370,19102,6367,15918,3183,1910,17195,17.633474967670427,0.48,Medium
Rajasthan,2012,62991,1556,14872,2.47,0.31,7356618,85.6249,28345,15747,9448,3149,6302,18897,6299,15747,3149,1889,17010,-1.074204946996471,0.178,Low
Rajasthan,2013,60931,3078,13548,5.05,0.374,8162835,74.6444,27418,15232,9139,3046,6096,18279,6093,15232,3046,1827,16454,-3.2703084567636598,0.265,Low
Rajasthan,2014,60904,1765,18787,2.9,0.395,8262166,73.7143,27406,15226,9135,3045,6092,18271,6090,15226,3045,1827,16445,-0.04431241896571958,0.302,Low
Rajasthan,2015,70369,3542,13197,5.03,0.339,8533417,82.4629,31666,17592,10555,3518,7038,21110,7036,17592,3518,2111,19002,15.540851175620652,0.256,Low
Rajasthan,2016,68225,3156,18917,4.63,0.416,9099306,74.9782,30701,17056,10233,3411,6824,20467,6822,17056,3411,2046,18423,-3.0467961744518157,0.327,Low
Rajasthan,2017,65450,1287,24365,1.97,0.431,8525998,76.7652,29452,16362,9817,3272,6547,19635,6545,16362,3272,1963,17673,-4.0674239648222805,0.347,Low
Rajasthan,2018,78665,3323,26274,4.22,0.461,9932692,79.1981,35399,19666,11799,3933,7868,23599,7866,19666,3933,2359,21242,20.19098548510314,0.443,Medium
Rajasthan,2019,71246,2772,20700,3.89,0.407,10202689,69.8306,32060,17811,10686,3562,7127,21373,7124,17811,3562,2137,19239,-9.431132015508803,0.299,Low
Rajasthan,2020,73351,1870,18812,2.55,0.333,9699343,75.6247,33007,18337,11002,3667,7338,22005,7335,18337,3667,2200,19807,2.954551834488961,0.218,Low
Rajasthan,2021,78128,2252,15968,2.88,0.291,10682479,73.1366,35157,19532,11719,3906,7814,23438,7812,19532,3906,2343,21097,6.51252198334038,0.164,Low
Rajasthan,2022,81338,3475,21947,4.27,0.398,9895150,82.1999,36602,20334,12200,4066,8136,24401,8133,20334,4066,2440,21964,4.108642228138448,0.317,Low
Rajasthan,2023,77090,2575,19391,3.34,0.352,11324798,68.0719,34690,19272,11563,3854,7711,23127,7709,19272,3854,2312,20816,-5.222651159359703,0.227,Low
Sikkim,2010,63394,2421,13968,3.82,0.335,3736027,169.6829,28527,15848,9509,3169,6341,19018,6339,15848,3169,1901,17119,0.0,0.237,Low
Sikkim,2011,67055,2717,20867,4.05,0.433,4047711,165.6615,30174,16763,10058,3352,6708,20116,6705,16763,3352,2011,18108,5.774994478972784,0.392,Low
Sikkim,2012,69087,2121,21148,3.07,0.398,4029563,171.4504,31089,17271,10363,3454,6910,20726,6908,17271,3454,2072,18656,3.030348221609125,0.336,Low
Sikkim,2013,70294,2488,18620,3.54,0.371,3922273,179.2175,31632,17573,10544,3514,7031,21088,7029,17573,3514,2108,18982,1.7470725317353386,0.296,Low
Sikkim,2014,66373,3484,15783,5.25,0.395,4045292,164.0747,29867,16593,9955,3318,6640,19911,6637,16593,3318,1991,17923,-5.578000967365638,0.312,Low
Sikkim,2015,70417,3094,20086,4.39,0.417,4593986,153.2808,31687,17604,10562,3520,7044,21125,7041,17604,3520,2112,19015,6.092838955599422,0.366,Low
Sikkim,2016,72076,2723,18612,3.78,0.372,4936098,146.0182,32434,18019,10811,3603,7209,21622,7207,18019,3603,2162,19463,2.355965178863051,0.291,Low
Sikkim,2017,71650,2729,23765,3.81,0.446,4686690,152.8798,32242,17912,10747,3582,7167,21495,7165,17912,3582,2149,19347,-0.5910427881680502,0.394,Low
Sikkim,2018,76880,2590,23232,3.37,0.403,4690694,163.899,34596,19220,11532,3844,7688,23064,7688,19220,3844,2306,20758,7.299371946964417,0.351,Low
Sikkim,2019,82657,4720,22493,5.71,0.443,4526360,182.6125,37195,20664,12398,4132,8268,24797,8265,20664,4132,2479,22320,7.514308012487003,0.414,Medium
Sikkim,2020,80225,4877,20843,6.08,0.442,5402101,148.507,36101,20056,12033,4011,8024,24067,8022,20056,4011,2406,21663,-2.942279540752746,0.382,Low
Sikkim,2021,88303,2601,29003,2.95,0.417,5544052,159.2752,39736,22075,13245,4415,8832,26490,8830,22075,4415,2649,23844,10.069180430040504,0.376,Low
Sikkim,2022,82124,2707,22248,3.3,0.37,4993480,164.4625,36955,20531,12318,4106,8214,24637,8212,20531,4106,2463,22175,-6.997497253773933,0.272,Low
Sikkim,2023,82608,1880,24923,2.28,0.37,5186453,159.2765,37173,20652,12391,4130,8262,24782,8260,20652,4130,2478,22306,0.5893526861818765,0.287,Low
Tamil Nadu,2010,60483,2541,21262,4.2,0.478,5950389,101.6455,27217,15120,9072,3024,6050,18144,6048,15120,3024,1814,16333,0.0,0.43,Medium
Tamil Nadu,2011,65772,3694,15875,5.62,0.41,5756439,114.2581,29597,16443,9865,3288,6579,19731,6577,16443,3288,1973,17760,8.744605922325288,0.352,Low
Tamil Nadu,2012,68024,3704,19521,5.45,0.45,6899697,98.5898,30610,17006,10203,3401,6804,20407,6802,17006,3401,2040,18368,3.4239494009608906,0.396,Low
Tamil Nadu,2013,67317,1897,16860,2.82,0.335,6774531,99.3678,30292,16829,10097,3365,6734,20195,6731,16829,3365,2019,18178,-1.0393390568034788,0.218,Low
Tamil Nadu,2014,65139,2332,24698,3.58,0.487,6680293,97.5092,29312,16284,9770,3256,6517,19541,6513,16284,3256,1954,17591,-3.2354382993894593,0.435,Medium
Tamil Nadu,2015,74505,1702,20362,2.28,0.342,6508318,114.4766,33527,18626,11175,3725,7452,22351,7450,18626,3725,2235,20118,14.378482936489668,0.265,Low
Tamil Nadu,2016,71509,3060,21721,4.28,0.432,7660208,93.3513,32179,17877,10726,3575,7152,21452,7150,17877,3575,2145,19310,-4.021206630427487,0.352,Low
Tamil Nadu,2017,70005,2607,19155,3.72,0.385,7568358,92.4969,31502,17501,10500,3500,7002,21001,7000,17501,3500,2100,18903,-2.103231761037072,0.287,Low
Tamil Nadu,2018,75893,3098,18705,4.08,0.369,7310099,103.8194,34151,18973,11383,3794,7592,22767,7589,18973,3794,2276,20494,8.41082779801443,0.289,Low
Tamil Nadu,2019,73014,2381,22222,3.26,0.402,8145495,89.6373,32856,18253,10952,3650,7303,21904,7301,18253,3650,2190,19716,-3.793498741649426,0.308,Low
Tamil Nadu,2020,73927,1403,30146,1.9,0.465,7626186,96.9384,33267,18481,11089,3696,7394,22178,7392,18481,3696,2217,19963,1.250445120113941,0.413,Medium
Tamil Nadu,2021,81353,2872,25428,3.53,0.418,8299369,98.0231,36608,20338,12202,4067,8138,24405,8135,20338,4067,2440,21968,10.045044435727135,0.363,Low
Tamil Nadu,2022,78427,3108,21808,3.96,0.397,9013178,87.0137,35292,19606,11764,3921,7844,23528,7842,19606,3921,2352,21178,-3.5966712966946535,0.3,Low
Tamil Nadu,2023,83248,3412,22863,4.1,0.398,8629852,96.4652,37461,20812,12487,4162,8326,24974,8324,20812,4162,2497,22479,6.147117701811866,0.325,Low
Telangana,2010,22509,665,6850,2.95,0.393,6136659,36.6796,10129,5627,3376,1125,2252,6752,2250,5627,1125,675,6080,0.0,0.29,Low
Telangana,2011,23764,1000,4789,4.21,0.328,6124347,38.8025,10693,5941,3564,1188,2378,7129,2376,5941,1188,712,6418,5.575547558754268,0.208,Low
Telangana,2012,22785,866,7162,3.8,0.428,6373396,35.7502,10253,5696,3417,1139,2280,6835,2278,5696,1139,683,6154,-4.119676822083829,0.332,Low
Telangana,2013,25321,1138,7519,4.49,0.432,6280410,40.3174,11394,6330,3798,1266,2533,7596,2532,6330,1266,759,6838,11.130129471143292,0.372,Low
Telangana,2014,23103,816,7210,3.53,0.418,6515590,35.458,10396,5775,3465,1155,2312,6930,2310,5775,1155,693,6240,-8.759527664784173,0.308,Low
Telangana,2015,26653,810,5788,3.04,0.308,7509974,35.4901,11993,6663,3997,1332,2668,7995,2665,6663,1332,799,7199,15.365969787473489,0.199,Low
Telangana,2016,27726,411,7537,1.48,0.316,7065493,39.2414,12476,6931,4158,1386,2775,8317,2772,6931,1386,831,7489,4.025813229279995,0.187,Low
Telangana,2017,28900,982,6508,3.4,0.327,7834075,36.8901,13005,7225,4335,1445,2890,8670,2890,7225,1445,867,7803,4.234292721633115,0.203,Low
Telangana,2018,25661,831,6710,3.24,0.359,7505302,34.1905,11547,6415,3849,1283,2567,7698,2566,6415,1283,769,6930,-11.207612456747407,0.216,Low
Telangana,2019,29028,1457,6858,5.02,0.387,8188783,35.4485,13062,7257,4354,1451,2904,8708,2902,7257,1451,870,7840,13.121078679708509,0.309,Low
Telangana,2020,27363,765,8880,2.8,0.408,7739441,35.3553,12313,6840,4104,1368,2738,8208,2736,6840,1368,820,7391,-5.735841256717656,0.3,Low
Telangana,2021,29465,1246,8202,4.23,0.405,8933166,32.9838,13259,7366,4419,1473,2948,8839,2946,7366,1473,883,7958,7.681906223732771,0.323,Low
Telangana,2022,27704,1342,5618,4.84,0.348,9756153,28.3964,12466,6926,4155,1385,2772,8311,2770,6926,1385,831,7481,-5.9765823858815565,0.21,Low
Telangana,2023,29364,686,8467,2.34,0.358,8353174,35.1531,13213,7341,4404,1468,2938,8809,2936,7341,1468,880,7930,5.991914524978337,0.252,Low
Tripura,2010,64202,2498,14513,3.89,0.343,581265,1104.522,28890,16050,9630,3210,6422,19260,6420,16050,3210,1926,17336,0.0,0.472,Medium
Tripura,2011,67706,2761,20716,4.08,0.428,568008,1191.9903,30467,16926,10155,3385,6773,20311,6770,16926,3385,2031,18283,5.457773901124585,0.629,Medium
Tripura,2012,73775,2465,22031,3.34,0.399,589285,1251.9409,33198,18443,11066,3688,7380,22132,7377,18443,3688,2213,19922,8.963755058635869,0.608,Medium
Tripura,2013,69107,1807,20134,2.61,0.37,693908,995.9101,31098,17276,10366,3455,6912,20732,6910,17276,3455,2073,18661,-6.327346662148425,0.472,Medium
Tripura,2014,67117,1266,25072,1.89,0.43,653364,1027.2528,30202,16779,10067,3355,6714,20135,6711,16779,3355,2013,18124,-2.879592515953522,0.574,Medium
Tripura,2015,71269,3235,19222,4.54,0.406,743554,958.4912,32071,17817,10690,3563,7128,21380,7126,17817,3563,2138,19245,6.1862121370144685,0.542,Medium
Tripura,2016,77846,2344,31750,3.01,0.498,681146,1142.868,35030,19461,11676,3892,7787,23353,7784,19461,3892,2335,21021,9.228416281973928,0.727,High
Tripura,2017,79593,3023,29058,3.8,0.479,779979,1020.4506,35816,19898,11938,3979,7962,23877,7959,19898,3979,2387,21493,2.2441743956015614,0.655,High
Tripura,2018,78426,2154,25331,2.75,0.405,719335,1090.257,35291,19606,11763,3921,7845,23527,7842,19606,3921,2352,21178,-1.4662093400173437,0.556,Medium
Tripura,2019,87391,3178,24621,3.64,0.391,772707,1130.972,39325,21847,13108,4369,8742,26217,8739,21847,4369,2621,23598,11.43115803432535,0.573,Medium
Tripura,2020,76245,1927,27449,2.53,0.436,760871,1002.0753,34310,19061,11436,3812,7626,22873,7624,19061,3812,2287,20588,-12.754173770754429,0.556,Medium
Tripura,2021,78882,3184,28341,4.04,0.48,836820,942.64,35496,19720,11832,3944,7890,23664,7888,19720,3944,2366,21300,3.4585874483572754,0.641,Medium
Tripura,2022,88079,2416,20162,2.74,0.311,891075,988.4578,39635,22019,13211,4403,8811,26423,8807,22019,4403,2642,23785,11.659187140285487,0.422,Medium
Tripura,2023,84620,2749,31005,3.25,0.464,873565,968.6743,38079,21155,12693,4231,8462,25386,8462,21155,4231,2538,22848,-3.9271563028644763,0.608,Medium
Uttar Pradesh,2010,52377,1853,19525,3.54,0.479,10908993,48.0127,23569,13094,7856,2618,5240,15713,5237,13094,2618,1571,14144,0.0,0.419,Medium
Uttar Pradesh,2011,57699,2361,14846,4.09,0.38,10561088,54.6336,25964,14424,8654,2884,5773,17309,5769,14424,2884,1730,15583,10.160948507932876,0.297,Low
Uttar Pradesh,2012,58349,1919,15769,3.29,0.369,10052805,58.0425,26257,14587,8752,2917,5836,17504,5834,14587,2917,1750,15757,1.1265359884919945,0.263,Low
Uttar Pradesh,2013,52517,815,17276,1.55,0.376,11189114,46.9358,23632,13129,7877,2625,5254,15755,5251,13129,2625,1575,14182,-9.99502990625375,0.247,Low
Uttar Pradesh,2014,57608,1825,17888,3.17,0.406,11378852,50.6273,25923,14402,8641,2880,5762,17282,5760,14402,2880,1728,15556,9.694003846373555,0.333,Low
Uttar Pradesh,2015,56202,2480,17715,4.41,0.448,11996828,46.8474,25290,14050,8430,2810,5622,16860,5620,14050,2810,1686,15176,-2.440633245382584,0.368,Low
Uttar Pradesh,2016,64138,1722,23133,2.68,0.441,12120126,52.9186,28862,16034,9620,3206,6416,19241,6413,16034,3206,1924,17320,14.120493932600265,0.395,Low
Uttar Pradesh,2017,65526,2774,16254,4.23,0.375,12887876,50.8431,29486,16381,9828,3276,6555,19657,6552,16381,3276,1965,17695,2.1640836945336694,0.272,Low
Uttar Pradesh,2018,65026,2295,19200,3.53,0.401,12882363,50.4768,29261,16256,9753,3251,6505,19507,6502,16256,3251,1950,17560,-0.7630558862131043,0.304,Low
Uttar Pradesh,2019,67755,2762,20429,4.08,0.424,12311652,55.0332,30489,16938,10163,3387,6778,20326,6775,16938,3387,2032,18297,4.196782825331402,0.349,Low
Uttar Pradesh,2020,68006,2872,28223,4.22,0.542,14405335,47.2089,30602,17001,10200,3400,6803,20401,6800,17001,3400,2040,18364,0.37045236513910673,0.511,Medium
Uttar Pradesh,2021,61870,2213,24164,3.58,0.498,14474050,42.7455,27841,15467,9280,3093,6189,18561,6187,15467,3093,1856,16706,-9.022733288239271,0.426,Medium
Uttar Pradesh,2022,69958,3078,18810,4.4,0.401,14746885,47.4392,31481,17489,10493,3497,6998,20987,6995,17489,3497,2098,18892,13.072571520930975,0.333,Low
Uttar Pradesh,2023,69407,2415,23697,3.48,0.446,14084445,49.2792,31233,17351,10411,3470,6942,20822,6940,17351,3470,2082,18742,-0.7876154263986912,0.369,Low
Uttarakhand,2010,36392,1201,8563,3.3,0.334,5821479,62.5133,16376,9098,5458,1819,3641,10917,3639,9098,1819,1091,9828,0.0,0.21,Low
Uttarakhand,2011,38256,1562,14431,4.08,0.5,5996452,63.7977,17215,9564,5738,1912,3827,11476,3825,9564,1912,1147,10332,5.122004836227734,0.464,Medium
Uttarakhand,2012,38924,500,14006,1.28,0.398,5952564,65.3903,17515,9731,5838,1946,3894,11677,3892,9731,1946,1167,10511,1.7461313258051003,0.308,Low
Uttarakhand,2013,38977,1488,13201,3.82,0.453,6473976,60.2057,17539,9744,5846,1948,3900,11693,3897,9744,1948,1169,10526,0.13616277874832772,0.384,Low
Uttarakhand,2014,40448,1607,12602,3.97,0.431,5270977,76.7372,18201,10112,6067,2022,4046,12134,4044,10112,2022,1213,10923,3.774020576237258,0.364,Low
Uttarakhand,2015,39384,1007,14199,2.56,0.437,6736451,58.464,17722,9846,5907,1969,3940,11815,3938,9846,1969,1181,10635,-2.6305379746835444,0.354,Low
Uttarakhand,2016,39852,1252,11170,3.14,0.375,6597585,60.4039,17933,9963,5977,1992,3987,11955,3985,9963,1992,1195,10762,1.188299817184646,0.272,Low
Uttarakhand,2017,38656,710,11652,1.84,0.357,7311430,52.8706,17395,9664,5798,1932,3867,11596,3865,9664,1932,1159,10440,-3.001104085114925,0.235,Low
Uttarakhand,2018,41321,1571,13913,3.8,0.451,6785813,60.8932,18594,10330,6198,2066,4133,12396,4132,10330,2066,1239,11158,6.894143211920523,0.396,Low
Uttarakhand,2019,43193,1223,16426,2.83,0.465,7916184,54.5629,19436,10798,6478,2159,4322,12957,4319,10798,2159,1295,11665,4.530384066213311,0.41,Medium
Uttarakhand,2020,42026,1633,14851,3.89,0.47,7864667,53.4365,18911,10506,6303,2101,4205,12607,4202,10506,2101,1260,11350,-2.7018266848794936,0.401,Medium
Uttarakhand,2021,45032,2164,11472,4.81,0.399,7629340,59.0248,20264,11258,6754,2251,4505,13509,4503,11258,2251,1350,12161,7.152714985961062,0.32,Low
Uttarakhand,2022,43891,1879,11888,4.28,0.399,7880766,55.6938,19750,10972,6583,2194,4392,13167,4389,10972,2194,1316,11853,-2.5337537750932615,0.298,Low
Uttarakhand,2023,47756,2004,12160,4.2,0.381,8581552,55.6496,21490,11939,7163,2387,4777,14326,4775,11939,2387,1432,12897,8.805905538720914,0.296,Low
West Bengal,2010,70132,4047,22951,5.77,0.5,11160761,62.838,31559,17533,10519,3506,7015,21039,7013,17533,3506,2103,18938,0.0,0.453,Medium
West Bengal,2011,73200,1554,24587,2.12,0.4,13159031,55.6272,32940,18300,10980,3660,7320,21960,7320,18300,3660,2196,19764,4.374607882279125,0.314,Low
West Bengal,2012,80303,3400,21748,4.23,0.398,11752716,68.3272,36136,20075,12045,4015,8032,24090,8030,20075,4015,2409,21684,9.703551912568308,0.326,Low
West Bengal,2013,69585,695,23289,1.0,0.365,12932053,53.8082,31313,17396,10437,3479,6960,20875,6958,17396,3479,2087,18790,-13.346948432810734,0.225,Low
West Bengal,2014,80420,3963,24527,4.93,0.453,13525420,59.4584,36189,20105,12063,4021,8042,24126,8042,20105,4021,2412,21714,15.57088452971187,0.417,Medium
West Bengal,2015,76527,2413,25745,3.15,0.431,13735154,55.7162,34437,19131,11479,3826,7654,22958,7652,19131,3826,2295,20665,-4.8408356130315795,0.34,Low
West Bengal,2016,78708,2740,27100,3.48,0.449,13789779,57.0771,35418,19677,11806,3935,7872,23612,7870,19677,3935,2361,21253,2.8499745187972936,0.383,Low
West Bengal,2017,81317,3045,29112,3.74,0.47,14536991,55.938,36592,20329,12197,4065,8134,24395,8131,20329,4065,2439,21958,3.3147837576866346,0.415,Medium
West Bengal,2018,80312,2421,28322,3.01,0.443,16680937,48.146,36140,20078,12046,4015,8033,24093,8031,20078,4015,2409,21686,-1.235903931527238,0.364,Low
West Bengal,2019,79529,1912,23187,2.4,0.364,15656480,50.7962,35788,19882,11929,3976,7954,23858,7952,19882,3976,2385,21476,-0.9749477039545762,0.249,Low
West Bengal,2020,89529,2335,22099,2.61,0.325,16109095,55.5767,40288,22382,13429,4476,8954,26858,8952,22382,4476,2685,24176,12.574029599265678,0.222,Low
West Bengal,2021,86949,3848,28203,4.43,0.457,16883335,51.4999,39127,21737,13042,4347,8696,26084,8694,21737,4347,2608,23479,-2.8817478135576224,0.381,Low
West Bengal,2022,89164,5221,23014,5.86,0.434,17370486,51.3307,40123,22291,13374,4458,8918,26749,8916,22291,4458,2674,24076,2.5474703561858103,0.359,Low
West Bengal,2023,86104,2089,23216,2.43,0.342,18692320,46.0638,38746,21526,12915,4305,8612,25831,8610,21526,4305,2583,23249,-3.4318783365483774,0.211,Low
